[
  { "nama": "Afghanistan", "bendera": "🇦🇫" },
  { "nama": "Afrika Selatan", "bendera": "🇿🇦" },
  { "nama": "Albania", "bendera": "🇦🇱","benua" },
  { "nama": "Aljazair", "bendera": "🇩🇿","benua" },
  { "nama": "Amerika Serikat", "bendera": "🇺🇸"},
  { "nama": "Andorra", "bendera": "🇦🇩","benua" },
  { "nama": "Angola", "bendera": "🇦🇴"},
  { "nama": "Arab Saudi", "bendera": "🇸🇦" },
  { "nama": "Argentina", "bendera": "🇦🇷" },
  { "nama": "Armenia", "bendera": "🇦🇲" },
  { "nama": "Australia", "bendera": "🇦🇺" },
  { "nama": "Austria", "bendera": "🇦🇹" },
  { "nama": "Azerbaijan", "bendera": "🇦🇿" },
  { "nama": "Bangladesh", "bendera": "🇧🇩" },
  { "nama": "Belanda", "bendera": "🇳🇱" },
  { "nama": "Belarus", "bendera": "🇧🇾" },
  { "nama": "Belgia", "bendera": "🇧🇪" },
  { "nama": "Benin", "bendera": "🇧🇯" },
  { "nama": "Bhutan", "bendera": "🇧🇹" },
  { "nama": "Bolivia", "bendera": "🇧🇴" },
  { "nama": "Bosnia & Herzegovina", "bendera": "🇧🇦" },
  { "nama": "Botswana", "bendera": "🇧🇼" },
  { "nama": "Brasil", "bendera": "🇧🇷" },
  { "nama": "Brunei", "bendera": "🇧🇳" },
  { "nama": "Bulgaria", "bendera": "🇧🇬" },
  { "nama": "Burkina Faso", "bendera": "🇧🇫" },
  { "nama": "Burundi", "bendera": "🇧🇮" },
  { "nama": "Chile", "bendera": "🇨🇱" },
  { "nama": "China", "bendera": "🇨🇳" },
  { "nama": "Denmark", "bendera": "🇩🇰" },
  { "nama": "Djibouti", "bendera": "🇩🇯" },
  { "nama": "Dominika", "bendera": "🇩🇲" },
  { "nama": "Ekuador", "bendera": "🇪🇨" },
  { "nama": "El Salvador", "bendera": "🇸🇻" },
  { "nama": "Eritrea", "bendera": "🇪🇷" },
  { "nama": "Estonia", "bendera": "🇪🇪" },
  { "nama": "Ethiopia", "bendera": "🇪🇹" },
  { "nama": "Filipina", "bendera": "🇵🇭" },
  { "nama": "Finlandia", "bendera": "🇫🇮" },
  { "nama": "Fiji", "bendera": "🇫🇯" },
  { "nama": "Gabon", "bendera": "🇬🇦" },
  { "nama": "Gambia", "bendera": "🇬🇲" },
  { "nama": "Georgia", "bendera": "🇬🇪" },
  { "nama": "Jerman", "bendera": "🇩🇪" },
  { "nama": "Ghana", "bendera": "🇬🇭" },
  { "nama": "Yunani", "bendera": "🇬🇷" },
  { "nama": "Grenada", "bendera": "🇬🇩" },
  { "nama": "Guatemala", "bendera": "🇬🇹" },
  { "nama": "Guinea", "bendera": "🇬🇳" },
  { "nama": "Guyana", "bendera": "🇬🇾" },
  { "nama": "Haiti", "bendera": "🇭🇹" },
  { "nama": "Honduras", "bendera": "🇭🇳" },
  { "nama": "Hungaria", "bendera": "🇭🇺" },
  { "nama": "Islandia", "bendera": "🇮🇸" },
  { "nama": "India", "bendera": "🇮🇳" },
  { "nama": "Indonesia", "bendera": "🇮🇩" },
  { "nama": "Iran", "bendera": "🇮🇷" },
  { "nama": "Irak", "bendera": "🇮🇶" },
  { "nama": "Irlandia", "bendera": "🇮🇪" },
  { "nama": "Israel", "bendera": "🇮🇱" },
  { "nama": "Italia", "bendera": "🇮🇹" },
  { "nama": "Jamaika", "bendera": "🇯🇲" },
  { "nama": "Jepang", "bendera": "🇯🇵" },
  { "nama": "Yordania", "bendera": "🇯🇴" },
  { "nama": "Kazakhstan", "bendera": "🇰🇿" },
  { "nama": "Kenya", "bendera": "🇰🇪" },
  { "nama": "Korea Selatan", "bendera": "🇰🇷" },
  { "nama": "Korea Utara", "bendera": "🇰🇵" },
  { "nama": "Kuwait", "bendera": "🇰🇼" },
  { "nama": "Laos", "bendera": "🇱🇦" },
  { "nama": "Latvia", "bendera": "🇱🇻" },
  { "nama": "Lebanon", "bendera": "🇱🇧" },
  { "nama": "Liberia", "bendera": "🇱🇷" },
  { "nama": "Libya", "bendera": "🇱🇾" },
  { "nama": "Liechtenstein", "bendera": "🇱🇮" },
  { "nama": "Lituania", "bendera": "🇱🇹" },
  { "nama": "Luksemburg", "bendera": "🇱🇺" },
  { "nama": "Madagaskar", "bendera": "🇲🇬" },
  { "nama": "Malaysia", "bendera": "🇲🇾" },
  { "nama": "Maladewa", "bendera": "🇲🇻" },
  { "nama": "Mali", "bendera": "🇲🇱" },
  { "nama": "Malta", "bendera": "🇲🇹" },
  { "nama": "Maroko", "bendera": "🇲🇦" },
  { "nama": "Mauritania", "bendera": "🇲🇷" },
  { "nama": "Meksiko", "bendera": "🇲🇽" },
  { "nama": "Moldova", "bendera": "🇲🇩" },
  { "nama": "Monako", "bendera": "🇲🇨" },
  { "nama": "Mongolia", "bendera": "🇲🇳" },
  { "nama": "Montenegro", "bendera": "🇲🇪" },
  { "nama": "Mozambik", "bendera": "🇲🇿" },
  { "nama": "Myanmar", "bendera": "🇲🇲" },
  { "nama": "Namibia", "bendera": "🇳🇦" },
  { "nama": "Nepal", "bendera": "🇳🇵" },
  { "nama": "Netral Swiss", "bendera": "🇨🇭" },
  { "nama": "Nicaragua", "bendera": "🇳🇮" },
  { "nama": "Niger", "bendera": "🇳🇪" },
  { "nama": "Nigeria", "bendera": "🇳🇬" },
  { "nama": "Norwegia", "bendera": "🇳🇴" },
  { "nama": "Oman", "bendera": "🇴🇲" },
  { "nama": "Pakistan", "bendera": "🇵🇰" },
  { "nama": "Palestina", "bendera": "🇵🇸" },
  { "nama": "Panama", "bendera": "🇵🇦" },
  { "nama": "Papua Nugini", "bendera": "🇵🇬" },
  { "nama": "Paraguay", "bendera": "🇵🇾" },
  { "nama": "Perancis", "bendera": "🇫🇷" },
  { "nama": "Peru", "bendera": "🇵🇪" },
  { "nama": "Polandia", "bendera": "🇵🇱" },
  { "nama": "Portugal", "bendera": "🇵🇹" },
  { "nama": "Qatar", "bendera": "🇶🇦" },
  { "nama": "Rumania", "bendera": "🇷🇴" },
  { "nama": "Rusia", "bendera": "🇷🇺" },
  { "nama": "Rwanda", "bendera": "🇷🇼" },
  { "nama": "Selandia Baru", "bendera": "🇳🇿" },
  { "nama": "Senegal", "bendera": "🇸🇳" },
  { "nama": "Serbia", "bendera": "🇷🇸" },
  { "nama": "Singapura", "bendera": "🇸🇬" },
  { "nama": "Slovakia", "bendera": "🇸🇰" },
  { "nama": "Slovenia", "bendera": "🇸🇮" },
  { "nama": "Somalia", "bendera": "🇸🇴" },
  { "nama": "Spanyol", "bendera": "🇪🇸" },
  { "nama": "Sri Lanka", "bendera": "🇱🇰" },
  { "nama": "Sudan", "bendera": "🇸🇩" },
  { "nama": "Suriname", "bendera": "🇸🇷" },
  { "nama": "Swedia", "bendera": "🇸🇪" },
  { "nama": "Syria", "bendera": "🇸🇾" },
  { "nama": "Taiwan", "bendera": "🇹🇼" },
  { "nama": "Tajikistan", "bendera": "🇹🇯" },
  { "nama": "Tanzania", "bendera": "🇹🇿" },
  { "nama": "Thailand", "bendera": "🇹🇭" },
  { "nama": "Timor Leste", "bendera": "🇹🇱" },
  { "nama": "Togo", "bendera": "🇹🇬" },
  { "nama": "Tunisia", "bendera": "🇹🇳" },
  { "nama": "Turki", "bendera": "🇹🇷" },
  { "nama": "Turkmenistan", "bendera": "🇹🇲" },
  { "nama": "Uganda", "bendera": "🇺🇬" },
  { "nama": "Ukraina", "bendera": "🇺🇦" },
  { "nama": "Uni Emirat Arab", "bendera": "🇦🇪" },
  { "nama": "Uruguay", "bendera": "🇺🇾" },
  { "nama": "Uzbekistan", "bendera": "🇺🇿" },
  { "nama": "Venezuela", "bendera": "🇻🇪" },
  { "nama": "Vietnam", "bendera": "🇻🇳" },
  { "nama": "Yaman", "bendera": "🇾🇪" },
  { "nama": "Zambia", "bendera": "🇿🇲" },
  { "nama": "Zimbabwe", "bendera": "🇿🇼" }
]