{
  "version": 2,
  "builds": [
    {
      "src": "index.js",
      "use": "@vercel/node"
    }
  ],
  "routes": [
    {
      "src": "/file/([a-zA-Z0-9_-]+\\.(mp3|mp4))",
      "headers": { "Cache-Control": "no-store" },
      "dest": "https://arincy-yt.hf.space/dl/$1"
    },
    {
      "src": "/file/([a-zA-Z0-9]+)",
      "headers": { "Cache-Control": "no-store" },
      "dest": "https://ytdown.ypnk.biz.id/file/$1"
    },
    {
      "src": "/dl/(.*)",
      "headers": { "Cache-Control": "no-store" },
      "dest": "https://arincy-yt.hf.space/dl/$1"
    },
    {
      "src": "/downloader/ytmp3",
      "dest": "/index.js"
    },
    {
      "src": "/downloader/ytmp4",
      "dest": "/index.js"
    },
    {
      "src": "/(.*)",
      "dest": "/index.js"
    }
  ],
  "env": {
    "NODE_ENV": "production"
  }
}
