{
  "owner": false,
  "broadcast": false,
  "reqlist": false,
  "bot/safetybot": {
    "status": true,
    "reason": "Tanpa alasan spesifik",
    "disabledAt": "2025-08-01T13:03:29.959Z",
    "disabledBy": "ReyzID12"
  },
  "listpanel": {
    "status": true,
    "reason": "Tanpa alasan spesifik",
    "disabledAt": "2025-08-06T11:33:42.881Z",
    "disabledBy": "ReyzID12"
  },
  "tebakata": {
    "status": true,
    "reason": "Tanpa alasan spesifik",
    "disabledAt": "2025-08-07T10:14:02.442Z",
    "disabledBy": "ReyzID12"
  },
  "tebakgambar": {
    "status": true,
    "reason": "Tanpa alasan spesifik",
    "disabledAt": "2025-08-07T10:14:29.646Z",
    "disabledBy": "ReyzID12"
  },
  "werewolf": {
    "status": true,
    "reason": "Tanpa alasan spesifik",
    "disabledAt": "2025-08-07T10:14:39.089Z",
    "disabledBy": "ReyzID12"
  },
  "tebakheroml": {
    "status": true,
    "reason": "Tanpa alasan spesifik",
    "disabledAt": "2025-08-07T10:14:45.863Z",
    "disabledBy": "ReyzID12"
  },
  "tebakkimia": {
    "status": true,
    "reason": "Tanpa alasan spesifik",
    "disabledAt": "2025-08-07T10:14:59.623Z",
    "disabledBy": "ReyzID12"
  },
  "upmf": {
    "status": true,
    "reason": "Tanpa alasan spesifik",
    "disabledAt": "2025-08-08T09:32:50.971Z",
    "disabledBy": "ReyzID12"
  },
  "tiktoksearch": {
    "status": true,
    "reason": "Tanpa alasan spesifik",
    "disabledAt": "2025-08-08T09:34:04.253Z",
    "disabledBy": "ReyzID12"
  },
  "youtubesearch": {
    "status": true,
    "reason": "Tanpa alasan spesifik",
    "disabledAt": "2025-08-08T09:52:17.874Z",
    "disabledBy": "ReyzID12"
  },
  "runtime": {
    "status": true,
    "reason": "Tanpa alasan spesifik",
    "disabledAt": "2025-08-08T12:33:41.187Z",
    "disabledBy": "ReyzID12"
  }
}