[
  {
    "id": "produk1",
    "nama": "Pulsa 10.000",
    "harga": 12000,
    "stok": 50,
    "deskripsi": "Pulsa semua operator senilai Rp10.000"
  },
  {
    "id": "produk2",
    "nama": "Voucher Game ML 86 Diamonds",
    "harga": 20000,
    "stok": 25,
    "deskripsi": "Top-up Mobile Legends 86 Diamonds"
  },
  {
    "id": "PRD-1753631487753",
    "name": "Lin-Qiye",
    "price": 20000,
    "type": "photo",
    "media": "https://api.telegram.org/file/bot8220489715:AAFT0DUudN_e3nLlSnklZKw9coChZfWAoQU/photos/file_4.jpg"
  },
  {
    "id": "PRD-1753631494498",
    "name": "Lin-Qiye",
    "price": 20000,
    "type": "photo",
    "media": "https://api.telegram.org/file/bot8220489715:AAFT0DUudN_e3nLlSnklZKw9coChZfWAoQU/photos/file_4.jpg"
  },
  {
    "id": "PRD-1753631501038",
    "name": "Lin-Qiye",
    "price": 20000,
    "type": "photo",
    "media": "https://api.telegram.org/file/bot8220489715:AAFT0DUudN_e3nLlSnklZKw9coChZfWAoQU/photos/file_4.jpg"
  },
  {
    "id": "PRD-1753631507699",
    "name": "Lin-Qiye",
    "price": 20000,
    "type": "photo",
    "media": "https://api.telegram.org/file/bot8220489715:AAFT0DUudN_e3nLlSnklZKw9coChZfWAoQU/photos/file_4.jpg"
  },
  {
    "id": "PRD-1753631514071",
    "name": "Lin-Qiye",
    "price": 20000,
    "type": "photo",
    "media": "https://api.telegram.org/file/bot8220489715:AAFT0DUudN_e3nLlSnklZKw9coChZfWAoQU/photos/file_4.jpg"
  },
  {
    "id": "PRD-1753631520080",
    "name": "Lin-Qiye",
    "price": 20000,
    "type": "photo",
    "media": "https://api.telegram.org/file/bot8220489715:AAFT0DUudN_e3nLlSnklZKw9coChZfWAoQU/photos/file_4.jpg"
  },
  {
    "id": "PRD-1753631526872",
    "name": "Lin-Qiye",
    "price": 20000,
    "type": "photo",
    "media": "https://api.telegram.org/file/bot8220489715:AAFT0DUudN_e3nLlSnklZKw9coChZfWAoQU/photos/file_4.jpg"
  },
  {
    "id": "PRD-1753631533362",
    "name": "Lin-Qiye",
    "price": 20000,
    "type": "photo",
    "media": "https://api.telegram.org/file/bot8220489715:AAFT0DUudN_e3nLlSnklZKw9coChZfWAoQU/photos/file_4.jpg"
  },
  {
    "id": "PRD-1753631540383",
    "name": "Lin-Qiye",
    "price": 20000,
    "type": "photo",
    "media": "https://api.telegram.org/file/bot8220489715:AAFT0DUudN_e3nLlSnklZKw9coChZfWAoQU/photos/file_4.jpg"
  },
  {
    "id": "PRD-1753631547005",
    "name": "Lin-Qiye",
    "price": 20000,
    "type": "photo",
    "media": "https://api.telegram.org/file/bot8220489715:AAFT0DUudN_e3nLlSnklZKw9coChZfWAoQU/photos/file_4.jpg"
  }
]